"Authors","Author full names","Author(s) ID","Title","Year","Source title","Volume","Issue","Art. No.","Page start","Page end","Cited by","DOI","Link","Abstract","Document Type","Publication Stage","Open Access","Source","EID"
"Kolodiziev O.; Mints A.; Sidelov P.; Pleskun I.; Lozynska O.","Kolodiziev, O. (56509607200); Mints, A. (57210994337); Sidelov, P. (57220578822); Pleskun, I. (57220590144); Lozynska, O. (57220577967)","56509607200; 57210994337; 57220578822; 57220590144; 57220577967","AUTOMATIC MACHINE LEARNING ALGORITHMS FOR FRAUD DETECTION IN DIGITAL PAYMENT SYSTEMS","2020","Eastern-European Journal of Enterprise Technologies","5","107","","14","26","20","10.15587/1729-4061.2020.212830","https://www.scopus.com/pages/publications/85097388697?origin=resultslist","Data on global financial statistics demonstrate that total losses from fraudulent transactions around the world are constantly growing. The issue of payment fraud will be exacerbated by the digitalization of economic relations, in particular the introduction by banks of the concept of “Bank-as-a-Service”, which will increase the burden on payment services. The aim of this study is to synthesize effective models for detecting fraud in digital payment systems using automated machine learning and Big Data analysis algorithms. Approaches to expanding the information base to detect fraudulent transactions have been proposed and systematized. The choice of performance metrics for building and comparing models has been substantiated. The use of automatic machine learning algorithms has been proposed to resolve the issue, which makes it possible in a short time to go through a large number of variants of models, their ensembles, and input data sets. As a result, our experiments allowed us to obtain the quality of classification based on the AUC metric at the level of 0.977–0.982. This exceeds the effectiveness of the classifiers developed by traditional methods, even as the time spent on the synthesis of the models is much less and measured in hours. The models’ ensemble has made it possible to detect up to 85.7 % of fraudulent transactions in the sample. The accuracy of fraud detection is also high (79–85 %). The results of our study confirm the effectiveness of using automatic machine learning algorithms to synthesize fraud detection models in digital payment systems. In this case, efficiency is manifested not only by the resulting classifiers’ quality but also by the reduction in the cost of their development, as well as by the high potential of interpretability. Implementing the study results could enable financial institutions to reduce the financial and temporal costs of developing and updating active systems against payment fraud, as well as improve the effectiveness of monitoring financial transactions © 2020. All Rights Reserved.","Article","Final","All Open Access; Gold Open Access; Green Open Access","Scopus","2-s2.0-85097388697"
"Wu Y.; Xu Y.; Li J.","Wu, Yue (57216343373); Xu, Yunjie (55694974200); Li, Jiaoyang (57211004750)","57216343373; 55694974200; 57211004750","Feature construction for fraudulent credit card cash-out detection","2019","Decision Support Systems","127","","113155","","","52","10.1016/j.dss.2019.113155","https://www.scopus.com/pages/publications/85072168972?origin=resultslist","As a type of credit card fraud behavior, fraudulent cash-out causes banks and companies to incur huge losses. Furthermore, such organizations lack effective methods to detect fraudulent cash-out. To detect fraudulent cash-out accurately, we construct four feature sets based on domain knowledge from industry experts, tips from fraudsters, related media reports, and the relevant literature. In addition, we construct features using a functional data analysis algorithm to capture the time-dependent behavioral patterns of cardholders. We also construct a benchmark feature set based on the traditional approach of Whitrow's strategy. We compare these feature sets using a real data set comprising real transactions of 25,000 credit cards with three machine learning methods: eXtreme gradient boosting, random forest, and support vector machine. The results reveal that our proposed features, which consider both snapshot and dynamic behavioral patterns of cardholders, achieve considerably superior performance to that of Whitrow's strategy. The precisions at the top 5%, 10%, 15%, and 20% levels are improved by magnitudes of 0.049, 0.081, 0.053, and 0.046, respectively. © 2019 Elsevier B.V.","Article","Final","","Scopus","2-s2.0-85072168972"
"Chhabra Roy N.; Prabhakaran S.","Chhabra Roy, Neha (57203481375); Prabhakaran, Sreeleakha (57446930600)","57203481375; 57446930600","Sustainable response system building against insider-led cyber frauds in banking sector: a machine learning approach","2023","Journal of Financial Crime","30","1","","48","85","19","10.1108/JFC-12-2021-0274","https://www.scopus.com/pages/publications/85124339766?origin=resultslist","Purpose: This paper aims to focus on the different types of insider-led cyber frauds that gained mainstream attention in recent large-scale fraud events involving prominent Indian banking institutions. In addition to identifying and classifying cyber fraud, the study maps them on a severity scale for optimal mitigation planning. Design/methodology/approach: The methodology used for identification and classification is an analysis of a detailed literature review, a focus group discussion with risk and vigilance officers and cyber cell experts, as well as secondary data of cyber fraud losses. Through machine learning-based random forest, the authors predicted the future of insider-led cyber frauds in the Indian banking business and prioritized and predicted the same. The projected future reveals the dominance of a few specific cyber frauds, which will make it easier to develop a fraud mitigation model based on a victim-centric approach. Findings: The paper concludes with a conceptual framework that can be used to ensure a sustainable cyber fraud mitigation ecosystem within the scope of the study. By using the findings of this research, policymakers and fraud investigators will be able to create a more robust environment for banks through timely detection of cyber fraud and prevent it appropriately before it happens. Research limitations/implications: The study focuses on fraud, risk and mitigation from a victim-centric perspective and does not address it from the fraudster’s perspective. Data availability was a challenge. Banks are recommended to compile data that can be used for analysis both by themselves and other policymakers. Practical implications: The structured, sustainable cyber fraud mitigation suggested in the study will provide an agile, quick, proactive, stakeholder-specific plan that helps to safeguard banks, employees, regulatory authorities, customers and the economy. It saves resources, cost and time for bank authorities and policymakers. The mitigation measures will also help improve the reputational status of the Indian banking business and prolong the banks’ sustenance. Originality/value: The innovative cyber fraud mitigation approach contributes to the sustainability of a bank’s ecosystem quickly, proactively and effectively. © 2022, Emerald Publishing Limited.","Article","Final","","Scopus","2-s2.0-85124339766"
"Preciado Martínez P.M.; Reier Forradellas R.F.; Garay Gallastegui L.M.; Náñez Alonso S.L.","Preciado Martínez, Pedro María (59702906100); Reier Forradellas, Ricardo Francisco (57219174537); Garay Gallastegui, Luis Miguel (59702906200); Náñez Alonso, Sergio Luis (57216823311)","59702906100; 57219174537; 59702906200; 57216823311","Comparative analysis of machine learning models for the detection of fraudulent banking transactions","2025","Cogent Business and Management","12","1","2474209","","","9","10.1080/23311975.2025.2474209","https://www.scopus.com/pages/publications/105000808193?origin=resultslist","This research presents a comparative analysis of machine learning models for detecting fraudulent banking transactions, a growing problem in the digital financial sector. The aim is to evaluate and determine the most effective model for identifying suspicious transactions, overcoming the challenge of a highly imbalanced dataset. Using data from 565,000 real-world transfers, models based on algorithms such as Random Forest, Neural Networks and Naive Bayes were built and tested. Of these, the Random Forest model proved to be the most robust, achieving 100% accuracy for legitimate transactions and 95.79% accuracy for fraud detection. This level of accuracy reinforces its viability for implementation in real-time banking systems. This result underlines the feasibility of integrating such a model into banking systems for real-time analysis, allowing the interception of dubious transactions. This capability would drastically reduce exposure to financial fraud, optimizing transaction security without compromising operational fluidity. In addition, limitations were identified and future approaches discussed, including oversampling techniques and adjusting class weights to improve detection in unbalanced datasets. © 2025 The Author(s). Published by Informa UK Limited, trading as Taylor & Francis Group.","Article","Final","All Open Access; Gold Open Access; Green Open Access","Scopus","2-s2.0-105000808193"
"Chhabra Roy N.; P S.","Chhabra Roy, Neha (57203481375); P, Sreeleakha (57446930600)","57203481375; 57446930600","Proactive cyber fraud response: a comprehensive framework from detection to mitigation in banks","2024","Digital Policy, Regulation and Governance","26","6","","678","707","10","10.1108/DPRG-02-2024-0029","https://www.scopus.com/pages/publications/85195574183?origin=resultslist","Purpose: This study addresses the ever-increasing cyber risks confronting the global banking sector, particularly in India, amid rapid technological advancements. The purpose of this study is to de velop an innovative cyber fraud (CF) response system that effectively controls cyber threats, prioritizes fraud, detects early warning signs (EWS) and suggests mitigation measures. Design/methodology/approach: The methodology involves a detailed literature review on fraud identification, assessment methods, prevention techniques and a theoretical model for fraud prevention. Machine learning-based data analysis, using self-organizing maps, is used to assess the severity of CF dynamically and in real-time. Findings: Findings reveal the multifaceted nature of CF, emphasizing the need for tailored control measures and a shift from reactive to proactive mitigation. The study introduces a paradigm shift by viewing each CF as a unique “fraud event,” incorporating EWS as a proactive intervention. This innovative approach distinguishes the study, allowing for the efficient prioritization of CFs. Practical implications: The practical implications of such a study lie in its potential to enhance the banking sector’s resilience to cyber threats, safeguarding stability, reputation and overall risk management. Originality/value: The originality stems from proposing a comprehensive framework that combines machine learning, EWS and a proactive mitigation model, addressing critical gaps in existing cyber security systems. © 2024, Emerald Publishing Limited.","Article","Final","","Scopus","2-s2.0-85195574183"
"Mytnyk B.; Tkachyk O.; Shakhovska N.; Fedushko S.; Syerov Y.","Mytnyk, Bohdan (57491032600); Tkachyk, Oleksandr (57711585900); Shakhovska, Nataliya (42962320400); Fedushko, Solomiia (56328252300); Syerov, Yuriy (27868100200)","57491032600; 57711585900; 42962320400; 56328252300; 27868100200","Application of Artificial Intelligence for Fraudulent Banking Operations Recognition","2023","Big Data and Cognitive Computing","7","2","93","","","70","10.3390/bdcc7020093","https://www.scopus.com/pages/publications/85163600791?origin=resultslist","This study considers the task of applying artificial intelligence to recognize bank fraud. In recent years, due to the COVID-19 pandemic, bank fraud has become even more common due to the massive transition of many operations to online platforms and the creation of many charitable funds that criminals can use to deceive users. The present work focuses on machine learning algorithms as a tool well suited for analyzing and recognizing online banking transactions. The study’s scientific novelty is the development of machine learning models for identifying fraudulent banking transactions and techniques for preprocessing bank data for further comparison and selection of the best results. This paper also details various methods for improving detection accuracy, i.e., handling highly imbalanced datasets, feature transformation, and feature engineering. The proposed model, which is based on an artificial neural network, effectively improves the accuracy of fraudulent transaction detection. The results of the different algorithms are visualized, and the logistic regression algorithm performs the best, with an output AUC value of approximately 0.946. The stacked generalization shows a better AUC of 0.954. The recognition of banking fraud using artificial intelligence algorithms is a topical issue in our digital society. © 2023 by the authors.","Article","Final","All Open Access; Gold Open Access; Green Open Access","Scopus","2-s2.0-85163600791"
"Husejinović A.","Husejinović, Admel (57214083354)","57214083354","Credit card fraud detection using naive Bayesian and c4.5 decision tree classifiers","2020","Periodicals of Engineering and Natural Sciences","8","1","","1","5","30","","https://www.scopus.com/pages/publications/85078192398?origin=resultslist","Growing problem of card payment fraudulent abuse is a main focus of banks and payment Service Providers (PSPs). This study is using naive Bayes, C4.5 decision tree and bagging ensemble machine learning algorithms to predict outcome of regular and fraud transactions. Performance of algorithms is evaluated through: precision, recall, PRC area rates. Performance of machine learning algorithms PRC rates between 0,999 and 1,000 expressing that these algorithms are quite good in distinguishing binary class 0 in our dataset. Amongst all algorithms best performing PRC class 1 rate has Bagging with C4.5 decision tree as base learner with rate of 0,825. For prediction of fraud transactions with success of 92,74% correctly predicted with C4.5 decision tree algorithm. © 2019 International University of Sarajevo.","Article","Final","","Scopus","2-s2.0-85078192398"
"Shi J.; Lin S.; Ding N.; Song J.; Zhai Y.","Shi, Jiguang (57833343800); Lin, Shancheng (57767760700); Ding, Ning (57188846463); Song, Jianfeng (60090223000); Zhai, Yan (60090988800)","57833343800; 57767760700; 57188846463; 60090223000; 60090988800","Cyber Finance Fraud Recognition Method Based on Ensemble Machine Learning","2025","Computational Economics","","","","","","0","10.1007/s10614-025-11091-z","https://www.scopus.com/pages/publications/105015537770?origin=resultslist","With the number of cyber finance fraud cases increasing dramatically, posing a challenge to social and economic development. Rapid and accurate identification of potential cyber finance fraud can effectively prevent these crimes from occurring. This paper employs ensemble machine learning techniques to analyze abnormal transaction behavior data, aiming to uncover the characteristics of cyber finance fraud facilitation behaviors. It specifically focuses on clarifying the key types of cybercrime facilitation and constructing a robust model to identify these malicious activities. Based on case information from a financial investigation department in China and original bank transaction data, the dataset includes comprehensive information from individuals, banks, and regulatory agencies, enabling an in-depth analysis of cybercrime facilitation behaviors. After evaluating a range of algorithms, including Naive Bayes, SVM, MLP, Random Forests, LightGBM, and XGBoost, we found that SMOTE-XGBoost provided superior performance. The accuracy of the SMOTE-XGBoost model increased from 90.17% to 92.25%, highlighting its enhanced classification capability, while the recall rate rose from 90.17% to 93.05%, indicating improved sensitivity in detecting actual fraudulent transactions and effectively capturing more fraud cases. Additionally, by employing the SHAP (SHapley Additive exPlanations) interpretable machine learning method, we can quantify the influence of synthetic samples and various feature data on model decisions. This approach enables effective global and local explanations of the model, thereby increasing its credibility and transparency. The model results reveal that the number of associated counterparty accounts, account age, and transaction volume are key indicators that play a crucial role in effectively identifying abnormal trading behavior. Therefore, combining SMOTE-XGBoost with SHAP facilitates intelligent detection of behaviors associated with cybercrime and offers a novel approach for uncovering potential cyber fraud schemes. © The Author(s), under exclusive licence to Springer Science+Business Media, LLC, part of Springer Nature 2025.","Article","Article in press","","Scopus","2-s2.0-105015537770"
"Puri L.; Singh R.; Bhuyan R.","Puri, Lokendra (59256690900); Singh, Ranjit (57193647534); Bhuyan, Rafiqul (18041801400)","59256690900; 57193647534; 18041801400","Predicting Credit Card Frauds in India: An Empirical Investigation","2025","International Journal of Economics and Financial Issues ","15","1","","17","23","4","10.32479/ijefi.17666","https://www.scopus.com/pages/publications/85212176398?origin=resultslist","This study attempts to predict credit card fraud and to know the factors responsible for credit card fraud. Using primary data of 7,500 credit card holders, collected using a questionnaire, this study conducts statistical analysis using discriminant analysis method. It is observed that variables, such as distance from home, distance from the last transaction, ratio to the median purchase price, used chip, used PIN for the transaction, and online order are significant factors in contributing to credit card fraud. © 2025, Econjournals. All rights reserved.","Article","Final","All Open Access; Gold Open Access","Scopus","2-s2.0-85212176398"
"Slabber E.; Verster T.; de Jongh R.","Slabber, Erika (57318193600); Verster, Tanja (57189515141); de Jongh, Riaan (6603809696)","57318193600; 57189515141; 6603809696","Some Insights about the Applicability of Logistic Factorisation Machines in Banking","2023","Risks","11","3","48","","","1","10.3390/risks11030048","https://www.scopus.com/pages/publications/85151094541?origin=resultslist","Logistic regression is a very popular binary classification technique in many industries, particularly in the financial service industry. It has been used to build credit scorecards, estimate the probability of default or churn, identify the next best product in marketing, and many more applications. The machine learning literature has recently introduced several alternative techniques, such as deep learning neural networks, random forests, and factorisation machines. While neural networks and random forests form part of the practitioner’s model-building toolkit, factorisation machines are seldom used. In this paper, we investigate the applicability of factorisation machines to some binary classification problems in banking. To stimulate the practical application of factorisation machines, we implement the fitting routines, based on logit loss and maximum likelihood, on commercially available software that is widely used by banks and other large financial services companies. Logit loss is usually used by the machine learning fraternity while maximum likelihood is popular in statistics. Depending on the coding of the target variable, we will show that these methods yield identical parameter estimates. Often, banks are confronted with predicting events that occur with low probability. To deal with this phenomenon, we introduce weights in the above-mentioned loss functions. The accuracy of our fitting algorithms is then studied by means of a simulation study and compared with logistic regression. The separation and prediction performance of factorisation machines are then compared to logistic regression and random forests by means of three case studies covering a recommender system, credit card fraud, and a credit scoring application. We conclude that logistic factorisation machines are worthy competitors of logistic regression in most applications, but with clear advantages in recommender systems applications where the number of predictors typically outnumbers the number of observations. © 2023 by the authors.","Article","Final","All Open Access; Gold Open Access; Green Open Access","Scopus","2-s2.0-85151094541"
"Singh Rawat S.; Thada V.; Mishra A.","Singh Rawat, Satyendra|corresp1 satyandra.rawat@s.amity.edu (60594868300); Thada, Vikas (57215544394); Mishra, Amit Kumar (57657451400)","60594868300; 57215544394; 57657451400","SMOTE-AAE-RF: A Novel Approach to Identifying Financial Fraud in Imbalanced Data Circumstances","2026","International Journal of Mathematical, Engineering and Management Sciences","11","2","","850","895","0","10.33889/IJMEMS.2026.11.2.036","https://www.scopus.com/pages/publications/105036481485?origin=resultslist","Nowadays, artificial intelligence (AI) and deep learning-based fraud detection methods are more powerful than conventional machine learning methods. However, the financial sector, including banks, insurance companies, the share market, and nonbanking financial companies (NBFCs), also widely adopted these techniques in India. But these AI and deep learning techniques still face several challenges, including class-imbalance issues, class overlapping, noise, and high computational costs. In this paper, we have analyzed these challenges in data sets in terms of data complexity. Reducing the data complexity of the dataset will undoubtedly enhance the performance of the model. We also suggest a novel SMOTE-AAE-RF technique to detect fraud in the financial domain. This technique combines the Synthetic Minority Oversampling Technique (SMOTE), the Adversarial Autoencoder (AAE), and the Random Forest (RF). When the data set is skewed, we use the SMOTE technique to resample it. An adversarial autoencoder is used as a filter to filter out the samples that were generated by the SMOTE technique, and the RF classifier is used to detect whether the transactions are genuine or fraudulent. We analyzed the superiority of the suggested method on various performance measures, and the results indicate that it outperformed its competitor methods. © Ram Arti Publishers.","Article","Final","All Open Access; Gold Open Access; Green Open Access","Scopus","2-s2.0-105036481485"
"Chhabra Roy N.; Prabhakaran S.","Chhabra Roy, Neha (57203481375); Prabhakaran, Sreeleakha (57446930600)","57203481375; 57446930600","Cyber fraud (CF) in banking: a dual-layer, blockchain-enabled approach for prevention and managerial response","2025","Managerial Finance","51","5","","765","796","5","10.1108/MF-09-2024-0716","https://www.scopus.com/pages/publications/105003395646?origin=resultslist","Purpose: This study addresses the growing cyber risks of banks by proposing an innovative, end-to-end dual-layer blockchain-based cyber fraud (CF) response system that integrates Safeguard (SG) and Block guard (BG) mechanisms. The comprehensive solution offers an actionable framework for bank managers to mitigate CFs by prioritizing fraud detection, leveraging early warning signals (EWS), and implementing tailored, need-based control measures before, during, and after a fraud event. Design/methodology/approach: The study uses a multi-method approach, beginning with an extensive literature review on fraud identification, assessment, and prevention strategies. A theoretical framework is constructed to support the proposed SG and BG measures. Machine learning-based data analysis, using Artificial Neural Networks, is employed to dynamically assess the severity of CFs in real time. A managerial action plan for each phase of the fraud lifecycle is presented. Findings: The research underscores the necessity for an adaptable, dual-layered response system that transitions from reactive to proactive and predictive mitigation strategies. The study introduces a novel approach incorporating SG and BG mitigation measures, enabling managers to detect early warning signals and implement robust post-fraud interventions. Practical implications: The dual-layer approach enhances the sector's resilience to CFs by providing a robust, adaptive framework for fraud prevention and mitigation. This approach helps maintain stability, SG the bank's reputation, and improve overall risk management practices. Originality/value: This study is unique in its development of an integrated SG and BG response system, combining machine learning, blockchain technology, early warning signals, and a structured before-during-after fraud control model. The research also highlights the critical role of bank managers in implementing and overseeing this innovative response system. © 2025, Emerald Publishing Limited.","Article","Final","","Scopus","2-s2.0-105003395646"
"Hasan M.; Hoque A.; Le T.","Hasan, Morshadul (57210554019); Hoque, Ariful (24474874600); Le, Thi (57221207779)","57210554019; 24474874600; 57221207779","Big Data-Driven Banking Operations: Opportunities, Challenges, and Data Security Perspectives","2023","FinTech","2","3","","484","509","19","10.3390/fintech2030028","https://www.scopus.com/pages/publications/85182092670?origin=resultslist","At present, with the rise of information technology revolution, such as mobile internet, cloud computing, big data, machine learning, artificial intelligence, and the Internet of Things, the banking industry is ushering in new opportunities and encountering severe challenges. This inspired us to develop the following research concepts to study how data innovation impacts banking. We used qualitative research methods (systematic and bibliometric reviews) to examine research articles obtained from the Web of Science and SCOPUS databases to achieve our research goals. The findings show that data innovation creates opportunities for a well-developed banking supply chain, effective risk management and financial fraud detection, banking customer analytics, and bank decision-making. Also, data-driven banking faces some challenges, such as the availability of more data increasing the complexity of service management and creating fierce competition, the lack of professional data analysts, and data costs. This study also finds that banking security is one of the most important issues; thus, banks need to respond to external and internal cyberattacks and manage vulnerabilities. © 2023 by the authors.","Article","Final","All Open Access; Gold Open Access; Green Open Access","Scopus","2-s2.0-85182092670"
"Langevin A.; Cody T.; Adams S.; Beling P.","Langevin, Alex (57219754230); Cody, Tyler (57202775438); Adams, Stephen (56954203500); Beling, Peter (6603732790)","57219754230; 57202775438; 56954203500; 6603732790","Generative adversarial networks for data augmentation and transfer in credit card fraud detection","2022","Journal of the Operational Research Society","73","1","","153","180","42","10.1080/01605682.2021.1880296","https://www.scopus.com/pages/publications/85101869060?origin=resultslist","Augmenting a dataset with synthetic samples is a common processing step in machine learning with imbalanced classes to improve model performance. Another potential benefit of synthetic data is the ability to share information between cooperating parties while maintaining customer privacy. Often overlooked, however, is how the distribution of the data affects the potential gains from synthetic data augmentation. We present a case study in credit card fraud detection using Generative Adversarial Networks to generate synthetic samples, with explicit consideration given to customer distributions. We investigate two different cooperating party scenarios yielding four distinct customer distributions by credit quality. Our findings indicate that institutions skewed towards higher credit quality customers are more likely to benefit from augmentation with GANs. Relative gains from synthetic data transfer, in the absence of feature set heterogeneity, also appear to asymmetrically favour banks operating on the lower end of the credit spectrum, which we hypothesise is due to differences in spending behaviours. © Operational Research Society 2022.","Article","Final","","Scopus","2-s2.0-85101869060"
"Somanchi S.; Kanuri V.K.; Telang R.","Somanchi, Sriram (57053149600); Kanuri, Vamsi K (55597822600); Telang, Rahul (6602320372)","57053149600; 55597822600; 6602320372","Mitigating Churn After Online Financial Fraud: The Value of Blame Attribution","2025","Production and Operations Management","34","10","","3119","3137","2","10.1177/10591478251331125","https://www.scopus.com/pages/publications/105004038099?origin=resultslist","The financial industry is plagued with account-based fraudulent transactions in which perpetrators surreptitiously siphon away money from customer accounts. To address this recurrent problem, service operations teams at financial institutions (e.g., the fraud detection and mitigation teams) spend millions yearly identifying perpetrators, attributing blame, and averting customer churn. However, in the vast majority of cases, the service operations teams cannot trace fraudulent transactions back to the perpetrators, and hence, it remains unclear whether they should continue to expend significant resources into investigating account-based fraud and attributing blame. Employing a wide range of econometric and machine learning techniques on a rich dataset from a US bank and an experiment, we attempt to offer the first empirical assessment of the association between blame attribution, or lack of it, in response to customer-identified account-based fraud and customer churn. The results indicate that relative to the customers that did not experience fraud, those that did and received a resolution lacking blame attribution have 40.69%Lift (95% confidence interval (CI) = [24.41%Lift, 56.97%Lift]) in churn rate. However, customers that experienced fraud and received a resolution involving blame attribution have −62.45%Lift (95% CI = [−31.22%Lift, −93.68%Lift]) in churn rate, making them less likely to churn than those that did not experience fraud. The latter result offers one of the first field evidence of the well-known service recovery paradox. Additionally, we observe significant heterogeneity in the findings based on customer tenure and the number of customer-firm interactions and document the long-term effects of attributing and not attributing blame. These insights can assist service operations teams in their postservice failure efforts to mend customer-firm relationships. Overall, the results underscore the importance of blame attribution during service recovery for service operations teams and inform a topical debate on a banking reform proposed by the US Department of Treasury. © The Author(s) 2025","Article","Final","","Scopus","2-s2.0-105004038099"
"Nanduri J.; Jia Y.; Oka A.; Beaver J.; Liu Y.-W.","Nanduri, Jay (57214913384); Jia, Yuting (57214912129); Oka, Anand (57216970483); Beaver, John (57216965870); Liu, Yung-Wen (57214917630)","57214913384; 57214912129; 57216970483; 57216965870; 57214917630","Microsoft uses machine learning and optimization to reduce e-commerce fraud","2020","INFORMS Journal on Applied Analytics","50","1","","64","79","44","10.1287/inte.2019.1017","https://www.scopus.com/pages/publications/85085575690?origin=resultslist","Many merchants conduct their businesses through e-commerce. One major challenge in tackling e-commerce fraud results from dynamic fraud patterns, which can degrade the detection power of risk models and can lead to them failing to detect fraud that has emerging unrecognized patterns. The problem is further exacerbated by the conventional decision frameworks that ignore the follow-up decisions made by other associated parties (e.g., payment-instrument-issuing banks and manual review agents). Microsoft developed a new fraud-management system (FMS) that effectively tackles these two challenges. It keeps features used by the machine learning (ML) risk models up to date by using real-time archiving, dynamic risk tables, and knowledge graphs. The FMS uses customized long-term and short-term sequential ML models to detect both historical and emerging fraud patterns. It also makes rapid real-time optimal decisions using a dynamic programming approach to optimize the long-term profit by taking into account the aforementioned multiple-party decisions. After implementing these innovations over a two-year period (2016-2018), Microsoft reduced its fraud loss by 0.52%, thus generating $75 million in additional savings; reduced the incorrect fraud rejection rate by 1.38%; and improved its bank authorization rate by 7.7 percentage points. The result was many millions of dollars in additional revenue. These innovations simultaneously prevent fraud and increase bank acceptance. In April 2019, Microsoft launched Microsoft Dynamics 365 Fraud Protection, a cloud-based service available for all e-commerce merchants. © 2020 INFORMS.","Article","Final","","Scopus","2-s2.0-85085575690"
"Bennaceur F.; Bendob A.; Othman A.H.A.","Bennaceur, Fatma (60646597600); Bendob, Ali (56540013800); Othman, Anwar Hasan Abdullah (60646597700)","60646597600; 56540013800; 60646597700","Leveraging AI for ESG disclosures: a deep dive into UAE’s Islamic and conventional banking sectors","2026","Journal of Financial Reporting and Accounting","","","","1","24","0","10.1108/JFRA-05-2025-0390","https://www.scopus.com/pages/publications/105039920479?origin=resultslist","Purpose – The connection between financial sector development and sustainable activities leads financial institutions to focus on improving their sustainability by using Environmental, Social and Governance (ESG) principles. Whereas the inconsistencies and exaggerations created concerns about transparency and greenwashing risk. This study aims to assess the quality of ESG reporting among Islamic Banks (IBs) and Conventional Banks (CBs) in the United Arab Emirates (UAE) during the period 2021–2024. Design/methodology/approach – The study uses artificial intelligence (AI), machine learning (ML) and natural language processing (NLP) techniques such as topic modeling, and sentiment analysis to evaluate the degree of disclosure, examine theme shifts over time and identify potential instances of greenwashing. Findings – The overall result of the study indicates that CBs perform better than IBs in terms of the quality of their ESG reporting, especially when it comes to the variability in the disclosure of climate change risks, regulatory compliance, and green investment activities. On the other hand, IBs are more consistent, with lower scores in the quality of their ESG reporting, and place a greater emphasis on social responsibility, ethical finance and Shari’ah law compliance. Based on the sentiment analysis results, it seems that IBs are more committed to sustainability over the long run, as they have a slightly more emotional and opinion-based tone in their ESG disclosures. The findings further indicate an emphasis on positive ESG disclosures, with limited attention to underlying challenges, which may influence perceptions of greenwashing. Practical implications – The study offers valuable insights for regulators, educators and industry, underscoring the need for unified ESG standards to enhance disclosure consistency and comparability among banks. It also shows how AI can strengthen monitoring, reduce ESG-related fraud and support proactive regulation against greenwashing. Originality/value – The original contribution of this pioneering study lies in its development of an AI-based framework that applies NLP and sentiment analysis to compare ESG disclosures of IBs and CBs, introducing the Islamic ESG lens – a Shari’ah-compliant approach to ethical reporting. © 2026 Emerald Publishing Limited","Article","Article in press","","Scopus","2-s2.0-105039920479"
"Deepika S.; Senthil S.","Deepika, S. (59024603100); Senthil, S. (57192388274)","59024603100; 57192388274","Credit card fraud analysis using robust space invariant artificial neural networks (RSIANN)","2019","International Journal of Recent Technology and Engineering","8","2","","6413","6417","1","10.35940/ijrte.B2315.078219","https://www.scopus.com/pages/publications/85071842602?origin=resultslist","One of the impact factor for any organizations or banks revenue and service quality is credit card fraud activities. Hence, need of efficient approach for detect early potential fraud and/or prevent them. In this paper, we considered pre-processing and used deep convolution neural network called as Space Invariant Artificial Neural Networks for classifying fraudsters. Available Credit card fraud dataset may not have sufficient information hence need pre-processing. The proposed approach has pre-processing phrase to make as robust. This approach used leverage layers and suitable tuning parameters for getting good classification accuracy. In neural network applications, choosing of tuning parameters and model selection has great role in solving the problems. We have done careful analysis and selected leverage layers and corresponding parameter values. The proposed architecture tested with all possible tuning parameters to evaluate the performance on pre-processed credit card fraud records. We found the proposed robust SIANN (RSIANN) is outperformed other state-of-art machine learning (ML) algorithms (Support vector machine (SVM), random forest (RF), Navie bayes and deep convolution neural network (DCNN) in terms of accuracy (85%). Thus, this model analyses the transaction and decide it fraud or not. © BEIESP.","Article","Final","All Open Access; Gold Open Access","Scopus","2-s2.0-85071842602"
"Dichev A.; Zarkova S.; Angelov P.","Dichev, Antonio (59710531400); Zarkova, Silvia (57215900286); Angelov, Petko (57215903680)","59710531400; 57215900286; 57215903680","Machine Learning as a Tool for Assessment and Management of Fraud Risk in Banking Transactions","2025","Journal of Risk and Financial Management","18","3","130","","","14","10.3390/jrfm18030130","https://www.scopus.com/pages/publications/105001106235?origin=resultslist","The present work aims to fill the gaps in existing research on the application of machine learning in fraud detection and management in the banking sector. It provides a theoretical perspective on the evolution of algorithms, highlights practical aspects, and derives relevant metrics for evaluating their performance on unbalanced data. In the growing context of artificial intelligence, the adoption of an innovative, systematic approach to studying fraud in banking transactions through advanced machine learning algorithms is completely positive for the overall accuracy and effectiveness of risk management and has really practical and applied significance. The proven methodology (Classification and Regression Trees, Gradient Boosting, and Extreme Gradient Boosting) was tested on nearly 1.5 million in the banking sector, confirming the observations related to the application of fundamental assessments and specialized statistical methods through machine learning algorithms, demonstrating superior discriminatory power compared to classical models. The development provides valuable insights for managers, researchers, and policymakers aiming to strengthen the security and resilience of banking systems in times of evolving financial fraud challenges. © 2025 by the authors.","Article","Final","All Open Access; Hybrid Gold Open Access","Scopus","2-s2.0-105001106235"
"Vanini P.; Rossi S.; Zvizdic E.; Domenig T.","Vanini, Paolo (6602533281); Rossi, Sebastiano (58143268400); Zvizdic, Ermin (58143430300); Domenig, Thomas (58144198900)","6602533281; 58143268400; 58143430300; 58144198900","Online payment fraud: from anomaly detection to risk management","2023","Financial Innovation","9","1","66","","","114","10.1186/s40854-023-00470-w","https://www.scopus.com/pages/publications/85150207360?origin=resultslist","Online banking fraud occurs whenever a criminal can seize accounts and transfer funds from an individual’s online bank account. Successfully preventing this requires the detection of as many fraudsters as possible, without producing too many false alarms. This is a challenge for machine learning owing to the extremely imbalanced data and complexity of fraud. In addition, classical machine learning methods must be extended, minimizing expected financial losses. Finally, fraud can only be combated systematically and economically if the risks and costs in payment channels are known. We define three models that overcome these challenges: machine learning-based fraud detection, economic optimization of machine learning results, and a risk model to predict the risk of fraud while considering countermeasures. The models were tested utilizing real data. Our machine learning model alone reduces the expected and unexpected losses in the three aggregated payment channels by 15% compared to a benchmark consisting of static if-then rules. Optimizing the machine-learning model further reduces the expected losses by 52%. These results hold with a low false positive rate of 0.4%. Thus, the risk framework of the three models is viable from a business and risk perspective. © 2023, The Author(s).","Article","Final","All Open Access; Gold Open Access; Green Open Access","Scopus","2-s2.0-85150207360"
"Chindara T.M.; Smith R.J.; Leke C.A.","Chindara, Tawona Matrokisi (59909557600); Smith, Rozanne Janet (59116992800); Leke, Collins Achepsah (56741381700)","59909557600; 59116992800; 56741381700","Machine learning as a moderator in electronic banking fraud mitigation: evidence from South Africa’s banking sector","2026","Cogent Business and Management","13","1","2598928","","","0","10.1080/23311975.2025.2598928","https://www.scopus.com/pages/publications/105026499024?origin=resultslist","The rapid integration of advanced technologies has reshaped banking operations, enhancing efficiency and customer service but simultaneously heightening vulnerability to fraud. In South Africa, electronic banking fraud has risen sharply, compelling financial institutions to adopt stronger risk management strategies. This study investigates how machine learning can reinforce the application of two key international frameworks, the COSO 2013 Internal Control Integrated Framework and the ISO 31000:2018 Risk Management Standard, in curbing E‑banking fraud. Employing a quantitative, cross‑sectional survey, data were gathered from 345 respondents through both paper‑based and online questionnaires, refined via pilot testing to ensure validity. Analytical procedures utilised Partial Least Squares Structural Equation Modelling (PLS‑SEM) in SmartPLS 4. Findings reveal that machine learning substantially enhances fraud mitigation and strengthens the effectiveness of both COSO and ISO standards when deployed together. COSO 2013 demonstrates a measurable impact on fraud reduction independently, yet its influence is magnified when integrated with machine learning. In contrast, ISO 31000:2018 shows limited effect unless complemented by machine learning techniques. Overall, the study underscores the critical value of aligning machine learning with established global risk management frameworks, thereby optimising fraud prevention, detection, and response within the banking sector. © 2025 The Author(s). Published by Informa UK Limited, trading as Taylor & Francis Group.","Article","Final","All Open Access; Gold Open Access; Green Open Access","Scopus","2-s2.0-105026499024"
"Yaseen H.; Al-Amarneh A.","Yaseen, Hadeel (56070041400); Al-Amarneh, Asma’a (57194977043)","56070041400; 57194977043","Adoption of Artificial Intelligence-Driven Fraud Detection in Banking: The Role of Trust, Transparency, and Fairness Perception in Financial Institutions in the United Arab Emirates and Qatar","2025","Journal of Risk and Financial Management","18","4","217","","","21","10.3390/jrfm18040217","https://www.scopus.com/pages/publications/105003462894?origin=resultslist","This paper examines the uptake of AI-driven fraud detection systems among financial institutions in the UAE and Qatar, with a special focus on trust, transparency, and perceptions of fairness. Despite the promise of AI operations in identifying financial anomalies, unclear decision-making processes and algorithmic bias constrain its extensive acceptance, especially in regulation-driven banking sectors. This study uses a quantitative strategy based on Partial Least Squares Structural Equation Modeling (PLS-SEM) and Multi-Group Analysis (MGA) of survey responses from 409 bank professionals, such as auditors and compliance officers. This study shows that transparency greatly enhances trust, which is the leading predictor of AI uptake. Fairness perception mediates the negative impacts of algorithmic bias, emphasizing its important role in establishing system credibility. The analysis of subgroups shows differential regional and professional variations in trust and fairness sensitivity, where internal auditors and highly AI-exposed subjects are found to exhibit higher adoption preparedness. Compliance with regulations also emerges as a positive enabler of adoption. This paper concludes with suggestions for practical implementation by banks, developers, and regulators to align AI deployment with ethical and regulatory aspirations. It recommends transparent, explainable, and fairness-sensitive AI tools as essential for promoting adoption in regulation-driven sectors. The findings provide a guide for promoting responsible, trust-driven AI implementation in fraud detection. © 2025 by the authors.","Article","Final","All Open Access; Hybrid Gold Open Access","Scopus","2-s2.0-105003462894"
"Boustani N.M.","Boustani, Nada Mallah (57197829959)","57197829959","Artificial intelligence impact on banks clients and employees in an Asian developing country","2022","Journal of Asia Business Studies","16","2","","267","278","81","10.1108/JABS-09-2020-0376","https://www.scopus.com/pages/publications/85108305889?origin=resultslist","Purpose: The purpose of this paper is to discuss the application of artificial intelligence (AI) in banking sector, its impact on banks employees and consumer behavior alike when buying financial services and the importance of (AI) for delivering social services in a western Asian developing country: Lebanon. The author tried to respond to the following problematics: Would AI be able to replace man power in customer service? and would AI change the job of the banker and render the bank more profitable? Design/methodology/approach: The data collected and analyzed was used in a quantitative research-based models with the application of hypothesis regression models. The results obtained has helped despite the fact of its innovative framework, AI cannot replace the role of humans when it comes to client’s interactions with banks employees. Findings: AI elevates the quality of banking transactions to an upper edge. Some of the technical banking jobs might be in jeopardy with AI, as the technology can be easily replaced with human resources, but when emotional intelligence is required for banks clients/employee’s relationship management, AI has been found with no ability to supersede. Research limitations/implications: Researchers in the future can also compare large banks called alpha banks to smaller banks in the same developing country to further test the possibility of adopting innovation and change through AI in different sizes of banks with larger number of employees, financial resources and corporate clients. Practical implications: Fears regarding impact on employment were detected, AI could render many banks’ jobs obsolete in the coming years, asserting that AI and robotics “reduce the need for staff in roles such as back office functions. Data suggests that the proliferation of AI could be accompanied by a rise in banking jobs. It may also be the case that only the most mundane jobs such as data entry will be sacrificed for machine superiority. While a rise in job numbers associated with higher AI-adoption rates seems ideal, some evidence suggests that most financial institutions are not yet fully confident in how to effectively apply the technology for the best results but at the same time seemed to be receptive to using AI and machine learning in their organization. Social implications: This study was conducted and limited to one developing Asian country, it would be useful to stretch this study covering other countries in the region to dive into more diversified results that could trigger researchers to compare more the adoption of AI in Asian countries and evaluating its impact with respect to different countries size and/or level of development in addition to other demographics and criteria. Originality/value: Financial institutions are increasingly using artificial neural network systems to detect fraud and charges that do not meet the standard. The AI is used to: organize transactions; keep accounts; invest in stocks; optimize portfolios, etc. Reducing the number of frauds and financial crimes in Lebanon by monitoring user behavior to detect abnormal changes or anomalies in addition to the possible rectification of human economic behavior in the Asian region, this could add a great value and high originality to the research. © 2021, Emerald Publishing Limited.","Article","Final","","Scopus","2-s2.0-85108305889"
"Li W.; Wu C.-S.; Ruan S.-M.","Li, Wei (57208249349); Wu, Cheng-Shu (58698678200); Ruan, Su-Mei (57216841259)","57208249349; 58698678200; 57216841259","CUS-RF-Based Credit Card Fraud Detection with Imbalanced Data","2022","Journal of Risk Analysis and Crisis Response","12","3","","110","123","4","10.54560/jracr.v12i3.332","https://www.scopus.com/pages/publications/85176962380?origin=resultslist","With the continuous expansion of the banks' credit card businesses, credit card fraud has become a serious threat to banking financial institutions. So, the automatic and real-time credit card fraud detection is the meaningful research work. Because machine learning has the characteristics of non-linearity, automation, and intelligence, so that credit card fraud detection can improve the detection efficiency and accuracy. In view of this, this paper proposes a credit card fraud detection model based on heterogeneous ensemble, namely CUS-RF (cluster-based under-sampling boosting and random forest), based on clustering under-sampling and random forest algorithm. CUS-RF-based credit card fraud detection model has the following advantages. Firstly, the CUS-RF model can better overcome the issue of data imbalance. Secondly, based on the idea of heterogeneous ensemble learning, the clustering under-sampling method and random forest model are fused to achieve a better performance for credit card fraud detection. Finally, through the verification of real credit card fraud dataset, the CUS-RF model proposed in this paper has achieved better performance in credit card fraud detection compared with the benchmark model. © 2023 The Author(s).","Article","Final","All Open Access; Gold Open Access; Green Open Access","Scopus","2-s2.0-85176962380"
"Chen J.; Tao Y.; Wang H.; Chen T.","Chen, Jidong (57220118993); Tao, Ye (57220120535); Wang, Haoran (57220115026); Chen, Tao (57220116490)","57220118993; 57220120535; 57220115026; 57220116490","Big data based fraud risk management at Alibaba","2015","Journal of Finance and Data Science","1","1","","1","10","62","10.1016/j.jfds.2015.03.001","https://www.scopus.com/pages/publications/84987841602?origin=resultslist","With development of mobile internet and finance, fraud risk comes in all shapes and sizes. This paper is to introduce the Fraud Risk Management at Alibaba under big data. Alibaba has built a fraud risk monitoring and management system based on real-time big data processing and intelligent risk models. It captures fraud signals directly from huge amount data of user behaviors and network, analyzes them in real-time using machine learning, and accurately predicts the bad users and transactions. To extend the fraud risk prevention ability to external customers, Alibaba also built up a big data based fraud prevention product called AntBuckler. AntBuckler aims to identify and prevent all flavors of malicious behaviors with flexibility and intelligence for online merchants and banks. By combining large amount data of Alibaba and customers', AntBuckler uses the RAIN score engine to quantify risk levels of users or transactions for fraud prevention. It also has a user-friendly visualization UI with risk scores, top reasons and fraud connections. © 2015 China Science Publishing & Media Ltd.","Article","Final","All Open Access; Gold Open Access; Green Open Access","Scopus","2-s2.0-84987841602"
"Subbulakshmi S.; Evanjaline D.J.","Subbulakshmi, S. (57215201020); Evanjaline, D.J. (57209518499)","57215201020; 57209518499","An efficient analytics in credit card fraud detection using resolution classification (Rc) technique","2020","International Journal of Scientific and Technology Research","9","2","","3284","3289","1","","https://www.scopus.com/pages/publications/85079643335?origin=resultslist","Data mining is the process of extracting patterns from data and discovering knowledge from large amounts of data stored either in databases or warehouses. Data mining is becoming an increasingly important tool to transform these data into information. Data analytics is a procedure of examining, removing, altering and displaying information with the objective of finding helpful data, proposing conclusions and supporting basic guidance. Classification is a data mining (machine learning) technique used to predict group membership for data instances.Credit cards are a significant component of everyday life. An extraordinary highly improved society payments is the credit(smart) card payments, particularly for ordering the product through E-commerce which probably produce the result of naturally improving fake operations which shows the fast evolution in electronic commerce, the usage of credit cards for online purchase has risen dramatically, causing a great explosive in smart(credit) card offence. Implementing effective abuse identification systems has expand into essential for overall card providing banks to decrease their loss in cost. In true life, fake transaction(business) are interspersed with genuine transaction and Matching patterns which leads to recognize them uncorrectly. Thus there’s a significant thing requirement to combine both Methods of identification of error and violence. Many modern techniques occupying the data (information) mining. The credit (smart) card abuse was reduced via to using the RC algorithm. Classifier for building linear supplying regression models. LogB with RC functions as base learners is employed for fitting the supplying models. The optimum range of LogB continues (maintaining) to execute is cross-validated, that results in automatic attribute choice. The optimal amount of iterations to be performed by LogB is cross-validated, leading to the automatically select the attributes. Through this, the credit card fraud detected on comparing with various previous techniques. © IJSTR 2020.","Article","Final","","Scopus","2-s2.0-85079643335"
"Leo M.; Sharma S.; Maddulety K.","Leo, Martin (57208443027); Sharma, Suneel (57208437753); Maddulety, K. (55315114500)","57208443027; 57208437753; 55315114500","Machine learning in banking risk management: A literature review","2019","Risks","7","1","29","","","344","10.3390/risks7010029","https://www.scopus.com/pages/publications/85064808150?origin=resultslist","There is an increasing influence of machine learning in business applications, with many solutions already implemented and many more being explored. Since the global financial crisis, risk management in banks has gained more prominence, and there has been a constant focus around how risks are being detected, measured, reported and managed. Considerable research in academia and industry has focused on the developments in banking and risk management and the current and emerging challenges. This paper, through a review of the available literature seeks to analyse and evaluate machine-learning techniques that have been researched in the context of banking risk management, and to identify areas or problems in risk management that have been inadequately explored and are potential areas for further research. The review has shown that the application of machine learning in the management of banking risks such as credit risk, market risk, operational risk and liquidity risk has been explored; however, it doesn’t appear commensurate with the current industry level of focus on both risk management and machine learning. A large number of areas remain in bank risk management that could significantly benefit from the study of how machine learning can be applied to address specific problems. © 2019 by the authors. Licensee MDPI, Basel, Switzerland.","Article","Final","All Open Access; Gold Open Access; Green Open Access","Scopus","2-s2.0-85064808150"
"Farquad M.A.H.; Ravi V.; Raju S.B.","Farquad, M.A.H. (26422923000); Ravi, V. (55128072100); Raju, S. Bapi (57202447500)","26422923000; 55128072100; 57202447500","Analytical CRM in banking and finance using SVM: A modified active learning-based rule extraction approach","2012","International Journal of Electronic Customer Relationship Management","6","1","","48","73","28","10.1504/IJECRM.2012.046470","https://www.scopus.com/pages/publications/84859615858?origin=resultslist","This paper presents advancement to modified active learning-based approach in an eclectic framework for extracting if-then rules from support vector machine (SVM) for customer relationship management (CRM) purposes. The proposed approach comprises of three major phases: 1 feature selection using SVM-RFE (recursive feature elimination) 2 active learning for synthetic data generation 3 rule generation using decision tree (DT) and Naive Bayes tree (NBTree). Finance problems solved in this study are churn prediction in bank credit cards customers and fraud detection in insurance. Based on sensitivity measure, the empirical results suggest that the proposed modified active learning-based rule extraction approach yielded best sensitivity and, length and number of rules is reduced resulting in improved comprehensibility. Feature selection leads to the most important attributes of the customers and extracted rules serves as early warning system to the management to enforce better CRM practices and detect/avoid possible frauds. Copyright © 2012 Inderscience Enterprises Ltd.","Article","Final","","Scopus","2-s2.0-84859615858"
"Lampropoulos S.D.; Thanasas G.L.; Kontogeorga G.N.","Lampropoulos, Spyridon D. (60218053500); Thanasas, Georgios L. (57201741782); Kontogeorga, Georgia N. (56120029800)","60218053500; 57201741782; 56120029800","FRAUD DETECTION IN BANKING TRANSACTIONS WITH THE USE OF ARTIFICIAL INTELLIGENCE AND ANONYMIZED DATA","2025","Journal of European Economy","24","4","","656","673","0","10.35774/jee2025.04.656","https://www.scopus.com/pages/publications/105027566118?origin=resultslist","This paper examines whether AI machine-learning classifiers trained on anonymized bank transaction data can effectively predict fraudulent transactions. The study tests H1: at least one classifier’s area under the ROC curve (AUC) > 0.50 against H0: the best classifier’s AUC ≤ 0. 50. Using an anonymized dataset from a U.S.-based commercial bank, we assess an extensive set of classifiers, including tree-based ensembles, probabilistic, distance-based, linear and margin-based learners and a neural network using Orange Data Mining Software. The models were evaluated with stratified 10-fold cross-validation. Multiple models achieved AUC > 0.50, with tree-boosting methods providing the strongest balance between detecting fraud and limiting false alarms. Linear baselines and distance based methods were weak, while SVM produced high recall with operationally costly false positives. Overall, results support H1 and are inconsistent with H0. The study offers a transparent, bank-ready benchmark on anonymized, production-plausible features, and the framework is readily replicable for threshold tuning and governance in financial institutions. © Spyridon D. Lampropoulos, Georgios L. Thanasas, Georgia N. Kontogeorga, 2025.","Article","Final","All Open Access; Gold Open Access","Scopus","2-s2.0-105027566118"
"Al-Daoud K.I.; Abu-AlSondos I.A.","Al-Daoud, Khaleel Ibrahim (57208943297); Abu-AlSondos, Ibrahim A. (57218494511)","57208943297; 57218494511","Robust AI for Financial Fraud Detection in the GCC: A Hybrid Framework for Imbalance, Drift, and Adversarial Threats","2025","Journal of Theoretical and Applied Electronic Commerce Research ","20","2","121","","","32","10.3390/jtaer20020121","https://www.scopus.com/pages/publications/105009131920?origin=resultslist","The rising complexity of financial fraud in highly digitalized regions such as the Gulf Cooperation Council (GCC) poses challenging issues owing to class imbalance, adversarial attacks, concept drift, and explainability requirements. This paper suggests a hybrid machine-learning framework (HMLF) that incorporates SMOTEBoost and cost-sensitive learning to address imbalances, adversarial training and FraudGAN to ensure robustness, DDM and ADWIN to achieve adaptive learning, and SHAP, LIME, and human-in-the-loop (HITL) analysis to ensure explainability. Employing real transaction data from the GCC banks, the framework is tested through a design science research approach. Experiments illustrate significant gains in fraud recall (from 35% to 85%), adversarial robustness (attack success rate decreased from 35% to 5%), and drift recovery (within 24 h), while retaining operational latency below 150 milliseconds. This paper substantiates that incorporating technical resilience with institutional constraints offers an auditable, scalable, and regulation-compliant solution for detecting fraud in high-risk financial contexts. © 2025 by the authors.","Article","Final","All Open Access; Gold Open Access; Green Open Access","Scopus","2-s2.0-105009131920"
"Farhang Ghahfarokhi A.; Mansouri T.; Sadeghi Moghaddam M.R.; Bahrambeik N.; Yavari R.; Fani Sani M.","Farhang Ghahfarokhi, Anahita (57222872666); Mansouri, Taha (25958222000); Sadeghi Moghaddam, Mohammad Reza (57226322046); Bahrambeik, Nila (57226323655); Yavari, Ramin (57226320509); Fani Sani, Mohammadreza (57194789640)","57222872666; 25958222000; 57226322046; 57226323655; 57226320509; 57194789640","Credit card fraud detection using asexual reproduction optimization","2022","Kybernetes","51","9","","2852","2876","6","10.1108/K-04-2021-0324","https://www.scopus.com/pages/publications/85111104858?origin=resultslist","Purpose: The best algorithm that was implemented on this Brazilian dataset was artificial immune system (AIS) algorithm. But the time and cost of this algorithm are high. Using asexual reproduction optimization (ARO) algorithm, the authors achieved better results in less time. So the authors achieved less cost in a shorter time. Their framework addressed the problems such as high costs and training time in credit card fraud detection. This simple and effective approach has achieved better results than the best techniques implemented on our dataset so far. The purpose of this paper is to detect credit card fraud using ARO. Design/methodology/approach: In this paper, the authors used ARO algorithm to classify the bank transactions into fraud and legitimate. ARO is taken from asexual reproduction. Asexual reproduction refers to a kind of production in which one parent produces offspring identical to herself. In ARO algorithm, an individual is shown by a vector of variables. Each variable is considered as a chromosome. A binary string represents a chromosome consisted of genes. It is supposed that every generated answer exists in the environment, and because of limited resources, only the best solution can remain alive. The algorithm starts with a random individual in the answer scope. This parent reproduces the offspring named bud. Either the parent or the offspring can survive. In this competition, the one which outperforms in fitness function remains alive. If the offspring has suitable performance, it will be the next parent, and the current parent becomes obsolete. Otherwise, the offspring perishes, and the present parent survives. The algorithm recurs until the stop condition occurs. Findings: Results showed that ARO had increased the AUC (i.e. area under a receiver operating characteristic (ROC) curve), sensitivity, precision, specificity and accuracy by 13%, 25%, 56%, 3% and 3%, in comparison with AIS, respectively. The authors achieved a high precision value indicating that if ARO detects a record as a fraud, with a high probability, it is a fraud one. Supporting a real-time fraud detection system is another vital issue. ARO outperforms AIS not only in the mentioned criteria, but also decreases the training time by 75% in comparison with the AIS, which is a significant figure. Originality/value: In this paper, the authors implemented the ARO in credit card fraud detection. The authors compared the results with those of the AIS, which was one of the best methods ever implemented on the benchmark dataset. The chief focus of the fraud detection studies is finding the algorithms that can detect legal transactions from the fraudulent ones with high detection accuracy in the shortest time and at a low cost. That ARO meets all these demands. © 2021, Emerald Publishing Limited.","Article","Final","All Open Access; Green Open Access","Scopus","2-s2.0-85111104858"
"Teng H.-W.; Lee M.","Teng, Huei-Wen (55938921600); Lee, Michael (57212208223)","55938921600; 57212208223","Estimation procedures of using five alternative machine learning methods for predicting credit card default","2019","Review of Pacific Basin Financial Markets and Policies","22","3","1950021","","","20","10.1142/S0219091519500218","https://www.scopus.com/pages/publications/85076222241?origin=resultslist","Machine learning has successful applications in credit risk management, portfolio management, automatic trading, and fraud detection, to name a few, in the domain of finance technology. Reformulating and solving these topics adequately and accurately is problem specific and challenging along with the availability of complex and voluminous data. In credit risk management, one major problem is to predict the default of credit card holders using real dataset. We review five machine learning methods: the k-nearest neighbors decision trees, boosting, support vector machine, and neural networks, and apply them to the above problem. In addition, we give explicit Python scripts to conduct analysis using a dataset of 29,999 instances with 23 features collected from a major bank in Taiwan, downloadable in the UC Irvine Machine Learning Repository. We show that the decision tree performs best among others in terms of validation curves. © 2018 World Scientific Publishing Co.","Article","Final","","Scopus","2-s2.0-85076222241"
"Mohaghar A.; Ghasemi R.; Atashi A.; Chashmi M.A.","Mohaghar, Ali (8533788100); Ghasemi, Rohollah (37461353500); Atashi, Alireza (57147715000); Chashmi, Meysam Ahmadian (60377264100)","8533788100; 37461353500; 57147715000; 60377264100","Design and Evaluation of a Banking Transaction Fraud Detection Model Using Data Mining Techniques (A Case Study in Mellat Bank); [طرا ح ی و ار ز یا ب ی مد ل کش ف تقل ب تراکن شها ی بان ک ی ب ا تک ن ی که ا ی داد هکا وی )موردمطالع ه: بان کمل ت (]","2025","Tasmimgiri va Tahqiq dar Amaliyyat","10","3","","599","616","0","10.22105/dmor.2025.511828.1936","https://www.scopus.com/pages/publications/105029645724?origin=resultslist","Purpose: The purpose of this study is to develop a model for detecting bank loan fraud using data mining techniques at Bank Mellat. Methodology: The methodology of this study is based on the Saunders Onion Model and the post-positivist approach. This research adopts a deductive method and evaluates machine learning algorithms for fraud detection by analyzing 5,000 real banking transactions from Bank Mellat during the period from 1400 to 1402 (Islamic calendar). The CRISP-DM framework is employed as a guideline for the data mining process, which includes data collection, preprocessing, feature selection, modeling, and algorithm evaluation. The research method combines quantitative and qualitative approaches, utilizing algorithms such as Decision Tree, KNearest Neighbors (KNN), Logistic Regression, Isolation Forest, Support Vector Machine (SVM), and ensemble methods like Bagging and Boosting. The performance of the models is evaluated based on Accuracy, Recall, and F1-score metrics. Findings: The results indicate that the Boosting ensemble algorithm achieves the best performance, demonstrating 94.7% accuracy, which surpasses the performance of other algorithms. The Bagging algorithm ranks second with an accuracy of 94.2%. These findings suggest that ensemble algorithms outperform other models in fraud detection. Originality/Value: Originality in research mean what you are doing is from your own perspective although you may draw arguments from other research work to back up your arguments. © 2025, Research Expansion Alliance (REA). All rights reserved.","Article","Final","","Scopus","2-s2.0-105029645724"
"Panigrahi S.; Gorle V.L.N.","Panigrahi, Suvasini (57202841696); Gorle, Venkata Lakshmi Narayana (58762584900)","57202841696; 58762584900","Applications of Machine Learning and Deep Learning Algorithms in Financial Fraud Detection: A Review","2025","Computational Economics","","","","","","5","10.1007/s10614-025-11089-7","https://www.scopus.com/pages/publications/105018820628?origin=resultslist","Financial fraud detection is a critical task in the modern financial landscape, where fraudulent activities like credit card fraud, online payment fraud, bank fraud, and insurance fraud pose significant challenges to the security and integrity of financial transactions. Traditional fraud detection systems often fall behind the ever-changing tactics used by fraudsters. However, recent advancements in machine learning (ML), as well as deep learning (DL) techniques, offer promising solutions to detect and prevent fraudulent activities with higher accuracy and efficiency. ML and DL methods use algorithms and models to evaluate vast amounts of transactional data, identify patterns, and detect abnormalities that indicate fraudulent activity. This paper provides a comprehensive overview of the application of ML and DL techniques in financial fraud detection, highlighting their capabilities, limitations, and future directions. In the digital age, financial institutions can improve their fraud detection capabilities, manage risks, and protect stakeholders’ interests by implementing modern technologies and innovative methods. According to the studies evaluated, the most common type of fraud identified by XAI methods is credit card fraud, and XAI and metaheuristic-based AI are effective fraud detection algorithms. © The Author(s), under exclusive licence to Springer Science+Business Media, LLC, part of Springer Nature 2025.","Article","Article in press","","Scopus","2-s2.0-105018820628"
"Yapp E.K.Y.; Yeh H.-Y.","Yapp, Edward K.Y. (55696875500); Yeh, Hui-Yuan (57207112031)","55696875500; 57207112031","An extensive experimental comparison of machine and deep learning methods for credit and bank fraud detection","2026","Finance Research Letters","88","","109190","","","1","10.1016/j.frl.2025.109190","https://www.scopus.com/pages/publications/105024315543?origin=resultslist","The growing prevalence of financial fraud in the digital era has motivated the research community to develop a variety of fraud detection methods and create benchmark datasets. However, many studies analyse these datasets in isolation, make comparisons with a few existing methods and evaluate performance using selected metrics. To address this gap, we present an extensive experimental comparison of 9 methods over 9 fraud-related datasets using 9 evaluation metrics. This allows us to determine the best-performing method and to make recommendations that are independent of the specific dataset or evaluation metrics used. To achieve this, we use the corrected Friedman test to determine whether there is a statistically significant difference in performance of the methods over all the datasets for a given evaluation metric. Subsequently, the Nemenyi post-hoc test and critical difference - or the minimum difference in average ranks of two methods for the performance to be significant - are used to assign a score to each method. The scores are then aggregated across all the evaluation metrics to determine the method with the highest overall performance. XGBoost and random forest showed the best performance across all the evaluation metrics followed by AutoKeras. However, at the business-imposed limit of 5% false positive rate (FPR), the state-of-the-art convolutional spiking neural networks (CSNN) had the best FPR ratio of young and old customers, and recall. Based on these findings, we recommend that when new fraud detection methods are proposed, they should be compared with XGBoost, RF and CSNN using a broad range of evaluation metrics. © 2025 Elsevier Inc.","Article","Final","","Scopus","2-s2.0-105024315543"
"Sinha A.P.; Zhao H.","Sinha, Atish P. (57192681975); Zhao, Huimin (55715798200)","57192681975; 55715798200","Incorporating domain knowledge into data mining classifiers: An application in indirect lending","2008","Decision Support Systems","46","1","","287","299","107","10.1016/j.dss.2008.06.013","https://www.scopus.com/pages/publications/56049111065?origin=resultslist","Data mining techniques have been applied to solve classification problems for a variety of applications such as credit scoring, bankruptcy prediction, insurance underwriting, and management fraud detection. In many of those application domains, there exist human experts whose knowledge could have a bearing on the effectiveness of the classification decision. The lack of research in combining data mining techniques with domain knowledge has prompted researchers to identify the fusion of data mining and knowledge-based expert systems as an important future direction. In this paper, we compare the performance of seven data mining classification methods-naive Bayes, logistic regression, decision tree, decision table, neural network, k-nearest neighbor, and support vector machine-with and without incorporating domain knowledge. The application we focus on is in the domain of indirect bank lending. An expert system capturing a lending expert's knowledge of rating a borrower's credit is used in combination with data mining to study if the incorporation of domain knowledge improves classification performance. We use two performance measures: misclassification cost and AUC (area under the curve). A 2 × 7 factorial, repeated-measures ANOVA, with the two factors being domain knowledge (present or absent) and data mining method (seven methods), as well as a special statistical test for comparing AUCs, is used for analyzing the results. Analysis of the results reveals that incorporation of domain knowledge significantly improves classification performance with respect to both misclassification cost and AUC. There is interaction between classification method and domain knowledge. Incorporation of domain knowledge has a higher influence on performance for some methods than for others. Both measures-misclassification cost and AUC-yield similar results, indicating that the findings of the study are robust. © 2008 Elsevier B.V. All rights reserved.","Article","Final","","Scopus","2-s2.0-56049111065"
"Beketnova Y.M.","Beketnova, Yuliya M. (56588017400)","56588017400","Analysis of possibilities to automate detection of unscrupulous microfinance organizations based on machine learning methods","2020","Finance: Theory and Practice","24","6","","38","50","2","10.26794/2587-5671-2020-24-6-38-50","https://www.scopus.com/pages/publications/85101941719?origin=resultslist","Microfinance is a way to fight poverty, and therefore is of high social significance. The microfinance sector in Russia is progressing. However, the engagement of microfinance organizations in illegal financial transactions associated with fraud, illegal creditors, money laundering, significantly limits their potential and has negative impact on their development. The aim of the paper is to study the possibilities to automate detection of unscrupulous microfinance organizations based on machine learning methods in order to promptly identify and suppress illegal activities by regulatory authorities. The author cites common fraudulent schemes involving microfinance organizations, including a scheme for cashing out maternity capital, a fraudulent lending scheme against real estate. The author carried out a comparative analysis of the results obtained by classification methods - the logistic regression method, decision trees (algorithms of two-class decision forest, Adaboost), support vector machine (algorithm of two-class support vector machine), neural network methods (algorithm of two-class neural network), Bayesian networks (algorithm of two-class Bayes network). The two-class support vector machine provided the most accurate results. The author analysed the data on microfinance institutions published by the Bank of Russia, the MFOs themselves, and banki.ru. The author concludes that the research results can be of further use by the Bank of Russia and Rosfinmonitoring to automate detection of unscrupulous microfinance organizations. © Beketnova Yu.M., 2020","Article","Final","All Open Access; Gold Open Access; Green Open Access","Scopus","2-s2.0-85101941719"
"Amoush A.H.","Amoush, Arwa Hussein (57939403800)","57939403800","IMPACT OF ARTIFICIAL INTELLIGENCE APPLICATIONS IN REDUCING FRAUD DIAMOND IN COMMERCIAL BANKS: A GOVERNANCE CONTEXT","2025","Journal of Governance and Regulation","14","4 Special Issue","","332","341","3","10.22495/jgrv14i4siart10","https://www.scopus.com/pages/publications/105024308816?origin=resultslist","This study investigates the impact of artificial intelligence (AI) applications, specifically deep learning, neural networks, and machine learning, on reducing fraud in Jordanian commercial banks, using the fraud diamond framework. The study looks at the growing threat of financial fraud, which has evolved with digital banking and increased technological sophistication. A descriptive-analytical approach was used, with data collected via an electronic questionnaire distributed to 216 employees from various departments of Jordanian commercial banks. After removing invalid responses, 190 valid questionnaires were analyzed with SPSS software. The findings show that AI applications have a statistically significant impact on reducing all four dimensions of the fraud diamond: pressure, opportunity, rationalization, and capability. Machine learning had the greatest impact of all AI dimensions, followed by neural networks and deep learning. The study emphasizes banks’ growing interest in using AI for fraud detection and recommends the implementation of more advanced AI tools to improve operational efficiency and financial security. The study provides practical and theoretical insights for banking professionals, policymakers, and academic researchers working on financial fraud prevention in the digital age. © 2025 The Author.","Article","Final","All Open Access; Gold Open Access","Scopus","2-s2.0-105024308816"
"Nasif S.M.; Jahin M.A.; Mridha M.F.","Nasif, Sadman Mohammad (59557059400); Jahin, Md Abrar (57226182737); Mridha, M.F. (36761314400)","59557059400; 57226182737; 36761314400","Reinforcement-guided hyper-heuristic hyperparameter optimization for fair and explainable spiking neural network-based financial fraud detection","2026","Knowledge-Based Systems","341","","115814","","","0","10.1016/j.knosys.2026.115814","https://www.scopus.com/pages/publications/105034375077?origin=resultslist","The growing adoption of home banking systems has heightened the risk of cyberfraud, necessitating fraud detection mechanisms that are not only accurate but also fair and explainable. While AI models have shown promise in this domain, they face key limitations, including computational inefficiency, the interpretability challenges of spiking neural networks (SNNs), and the complexity and convergence instability of hyper-heuristic reinforcement learning (RL)-based hyperparameter optimization. To address these issues, we propose a novel framework that integrates a Cortical Spiking Network with Population Coding (CSNPC) and a Reinforcement-Guided Hyper-Heuristic Optimizer for Spiking Systems (RHOSS). The CSNPC, a biologically inspired SNN, employs population coding for robust classification, while RHOSS uses Q-learning to dynamically select low-level heuristics for hyperparameter optimization under fairness and recall constraints. Embedded within the Modular Supervisory Framework for Spiking Network Training and Interpretation (MoSSTI), the system incorporates explainable AI (XAI) techniques, specifically, saliency-based attribution and spike activity profiling, to increase transparency. Evaluated on the Bank Account Fraud (BAF) dataset suite, our model achieves a 90.8% recall at a strict 5% false positive rate (FPR), outperforming state-of-the-art spiking and non-spiking models while maintaining over 98% predictive equality across key demographic attributes. Although RHOSS introduces an offline search cost, this is amortized over deployment, where inference dominates. The architectural sparsity of CSNPC ensures lower energy per transaction compared to dense ANNs, as supported by neuromorphic benchmarks. The explainability module further confirms that saliency attributions align with spiking dynamics, validating interpretability. These results demonstrate the potential of combining population-coded SNNs with reinforcement-guided hyper-heuristics for fair, transparent, and high-performance fraud detection in real-world financial applications. © 2026 Elsevier B.V.","Article","Final","All Open Access; Hybrid Gold Open Access","Scopus","2-s2.0-105034375077"
"Gupta S.; Mehta S.K.","Gupta, Sonika (57218883972); Mehta, Sushil Kumar (57212870544)","57218883972; 57212870544","Data Mining-based Financial Statement Fraud Detection: Systematic Literature Review and Meta-analysis to Estimate Data Sample Mapping of Fraudulent Companies Against Non-fraudulent Companies","2024","Global Business Review","25","5","","1290","1313","24","10.1177/0972150920984857","https://www.scopus.com/pages/publications/85099956963?origin=resultslist","Data mining techniques have proven quite effective not only in detecting financial statement frauds but also in discovering other financial crimes, such as credit card frauds, loan and security frauds, corporate frauds, bank and insurance frauds, etc. Classification of data mining techniques, in recent years, has been accepted as one of the most credible methodologies for the detection of symptoms of financial statement frauds through scanning the published financial statements of companies. The retrieved literature that has used data mining classification techniques can be broadly categorized on the basis of the type of technique applied, as statistical techniques and machine learning techniques. The biggest challenge in executing the classification process using data mining techniques lies in collecting the data sample of fraudulent companies and mapping the sample of fraudulent companies against non-fraudulent companies. In this article, a systematic literature review (SLR) of studies from the area of financial statement fraud detection has been conducted. The review has considered research articles published between 1995 and 2020. Further, a meta-analysis has been performed to establish the effect of data sample mapping of fraudulent companies against non-fraudulent companies on the classification methods through comparing the overall classification accuracy reported in the literature. The retrieved literature indicates that a fraudulent sample can either be equally paired with non-fraudulent sample (1:1 data mapping) or be unequally mapped using 1:many ratio to increase the sample size proportionally. Based on the meta-analysis of the research articles, it can be concluded that machine learning approaches, in comparison to statistical approaches, can achieve better classification accuracy, particularly when the availability of sample data is low. High classification accuracy can be obtained with even a 1:1 mapping data set using machine learning classification approaches. © 2021 IMI.","Article","Final","","Scopus","2-s2.0-85099956963"
"Afanasiev S.; Smirnova A.","Afanasiev, Sergey (57208554162); Smirnova, Anastasiya (57220929168)","57208554162; 57220929168","Predictive fraud analytics: B-tests","2018","Journal of Operational Risk","13","4","","17","46","3","10.21314/JOP.2018.213","https://www.scopus.com/pages/publications/85065078083?origin=resultslist","In the banking sector, machine-learning methods are applied in a wide variety of business areas: assessing a client’s risk profile (application and behavior scoring), forming targeted sales (x-sell, up-sell), choosing collection strategies (collection scoring), etc. The bank anti-fraud division is no exception, where with the help of machine-learning methods effective anti-fraud tools are developed. This paper deals with B-tests: methods by which it is possible to identify internal fraud among employees and partners of the bank at an early stage. © 2018 Infopro Digital Risk (IP) Limited.","Article","Final","","Scopus","2-s2.0-85065078083"
